state,value,policy_action
0,-0.04439511653718091,1
1,-0.04987531172069826,1
2,-0.04,2
3,99.01782355409692,0
4,-0.04987531172069826,0
5,-0.04,1
6,-99.01782355409692,0
7,-0.04439511653718091,0
8,-0.04987531172069826,1
9,-0.04,0
10,-0.04439511653718091,0
