state,value,policy_action
0,58.722150284284126,0
1,65.05772102106093,0
2,78.36881913469298,0
3,99.9999999901937,0
4,57.94007858485657,0
5,56.2043066313041,3
6,-99.9999999901937,0
7,55.234252274871835,0
8,39.570899601487035,1
9,40.12103722279671,0
10,-83.53830999677727,0
